label,n,valence_mean,valence_std,arousal_mean,arousal_std
Neutral,189,-0.090604,0.162619,-0.063792,0.096550
Happy,79,0.410579,0.168118,0.008041,0.103393
Sad,55,-0.215394,0.180689,-0.140165,0.117975
Angry,22,-0.304407,0.108315,0.159531,0.111899
Surprise,1,0.169346,0.000000,0.400017,0.000000
Fear,1,0.092937,0.000000,0.158013,0.000000
Disgust,1,0.126887,0.000000,0.286436,0.000000
Contempt,4,0.188647,0.113637,0.018207,0.058968
